extractor,doc_id,tier,bucket,source,status,sampled,metric,value
docling,acsbr_023,T2,M,real,ok,False,teds,0.7219
docling,acsbr_023,T2,M,real,ok,False,table_detection_recall,1.0
docling,erp2024_full,T2,XL,real,ok,False,teds,0.9993
docling,erp2024_full,T2,XL,real,ok,False,table_detection_recall,1.0
docling,gen_t2_long,T2,S,generated,ok,False,teds,0.3399
docling,gen_t2_long,T2,S,generated,ok,False,table_detection_recall,1.0
docling,gen_t2_merged,T2,S,generated,ok,False,teds,0.7873
docling,gen_t2_merged,T2,S,generated,ok,False,table_detection_recall,1.0
docling,gen_t2_rotated,T2,S,generated,ok,False,teds,0.1035
docling,gen_t2_rotated,T2,S,generated,ok,False,table_detection_recall,0.0
docling,gen_t2_simple,T2,S,generated,ok,False,teds,1.0
docling,gen_t2_simple,T2,S,generated,ok,False,table_detection_recall,1.0
docling,gen_t4_bar,T4,S,generated,ok,False,figure_fact_recall,0.0
docling,gen_t4_flow,T4,S,generated,ok,False,figure_fact_recall,0.0
docling,gen_t4_line,T4,S,generated,ok,False,figure_fact_recall,0.125
docling,gen_t4_mixed,T4,S,generated,ok,False,teds,1.0
docling,gen_t4_mixed,T4,S,generated,ok,False,table_detection_recall,1.0
docling,gen_t4_mixed,T4,S,generated,ok,False,figure_fact_recall,0.0
docling,p60_282,T2,L,real,ok,False,teds,0.7639
docling,p60_282,T2,L,real,ok,False,table_detection_recall,1.0
docling,rfc9110,T1,XL,real,ok,False,text_similarity,0.8419
docling,rfc9110,T1,XL,real,ok,False,cer,0.1639
docling,rfc9110,T1,XL,real,ok,False,teds,1.0
docling,rfc9110,T1,XL,real,ok,False,table_detection_recall,1.0
docling,rfc9112,T1,L,real,ok,False,text_similarity,0.8374
docling,rfc9112,T1,L,real,ok,False,cer,0.166
docling,rfc9158,T1,S,real,ok,False,text_similarity,0.7265
docling,rfc9158,T1,S,real,ok,False,cer,0.2838
docling,rfc9158,T1,S,real,ok,False,teds,1.0
docling,rfc9158,T1,S,real,ok,False,table_detection_recall,1.0
docling,rfc9457,T1,M,real,ok,False,text_similarity,0.6984
docling,rfc9457,T1,M,real,ok,False,cer,0.3016
docling,scan_acsbr_023,T3,M,scan,ok,False,text_similarity,0.5204
docling,scan_acsbr_023,T3,M,scan,ok,False,cer,0.4905
docling,scan_acsbr_023,T3,M,scan,ok,False,teds,0.7378
docling,scan_acsbr_023,T3,M,scan,ok,False,table_detection_recall,1.0
docling,scan_p60_282,T3,L,scan,ok,False,text_similarity,0.5254
docling,scan_p60_282,T3,L,scan,ok,False,cer,0.4817
docling,scan_p60_282,T3,L,scan,ok,False,teds,0.762
docling,scan_p60_282,T3,L,scan,ok,False,table_detection_recall,1.0
docling,scan_rfc9110,T3,XL,scan,ok,False,text_similarity,0.7946
docling,scan_rfc9110,T3,XL,scan,ok,False,cer,0.2071
docling,scan_rfc9110,T3,XL,scan,ok,False,teds,1.0
docling,scan_rfc9110,T3,XL,scan,ok,False,table_detection_recall,1.0
docling,scan_rfc9158,T3,S,scan,ok,False,text_similarity,0.5878
docling,scan_rfc9158,T3,S,scan,ok,False,cer,0.4161
docling,scan_rfc9158,T3,S,scan,ok,False,teds,1.0
docling,scan_rfc9158,T3,S,scan,ok,False,table_detection_recall,1.0
docling,scan_rfc9457,T3,M,scan,ok,False,text_similarity,0.6227
docling,scan_rfc9457,T3,M,scan,ok,False,cer,0.3773
easyocr,acsbr_023,T2,M,real,ok,False,teds,0.0
easyocr,acsbr_023,T2,M,real,ok,False,table_detection_recall,0.0
easyocr,erp2024_full,T2,XL,real,ok,False,teds,0.0
easyocr,erp2024_full,T2,XL,real,ok,False,table_detection_recall,0.0
easyocr,gen_t2_long,T2,S,generated,ok,False,teds,0.0
easyocr,gen_t2_long,T2,S,generated,ok,False,table_detection_recall,0.0
easyocr,gen_t2_merged,T2,S,generated,ok,False,teds,0.0
easyocr,gen_t2_merged,T2,S,generated,ok,False,table_detection_recall,0.0
easyocr,gen_t2_rotated,T2,S,generated,ok,False,teds,0.0
easyocr,gen_t2_rotated,T2,S,generated,ok,False,table_detection_recall,0.0
easyocr,gen_t2_simple,T2,S,generated,ok,False,teds,0.0
easyocr,gen_t2_simple,T2,S,generated,ok,False,table_detection_recall,0.0
easyocr,gen_t4_bar,T4,S,generated,ok,False,figure_fact_recall,0.9167
easyocr,gen_t4_flow,T4,S,generated,ok,False,figure_fact_recall,1.0
easyocr,gen_t4_line,T4,S,generated,ok,False,figure_fact_recall,0.625
easyocr,gen_t4_mixed,T4,S,generated,ok,False,teds,0.0
easyocr,gen_t4_mixed,T4,S,generated,ok,False,table_detection_recall,0.0
easyocr,gen_t4_mixed,T4,S,generated,ok,False,figure_fact_recall,0.8333
easyocr,p60_282,T2,L,real,ok,False,teds,0.0
easyocr,p60_282,T2,L,real,ok,False,table_detection_recall,0.0
easyocr,rfc9110,T1,XL,real,ok,False,text_similarity,0.8232
easyocr,rfc9110,T1,XL,real,ok,False,cer,0.177
easyocr,rfc9110,T1,XL,real,ok,False,teds,0.0
easyocr,rfc9110,T1,XL,real,ok,False,table_detection_recall,0.0
easyocr,rfc9112,T1,L,real,ok,False,text_similarity,0.8085
easyocr,rfc9112,T1,L,real,ok,False,cer,0.1915
easyocr,rfc9158,T1,S,real,ok,False,text_similarity,0.6684
easyocr,rfc9158,T1,S,real,ok,False,cer,0.3316
easyocr,rfc9158,T1,S,real,ok,False,teds,0.0
easyocr,rfc9158,T1,S,real,ok,False,table_detection_recall,0.0
easyocr,rfc9457,T1,M,real,ok,False,text_similarity,0.6801
easyocr,rfc9457,T1,M,real,ok,False,cer,0.3201
easyocr,scan_acsbr_023,T3,M,scan,ok,False,text_similarity,0.3748
easyocr,scan_acsbr_023,T3,M,scan,ok,False,cer,0.6265
easyocr,scan_acsbr_023,T3,M,scan,ok,False,teds,0.0
easyocr,scan_acsbr_023,T3,M,scan,ok,False,table_detection_recall,0.0
easyocr,scan_p60_282,T3,L,scan,ok,False,text_similarity,0.3895
easyocr,scan_p60_282,T3,L,scan,ok,False,cer,0.6203
easyocr,scan_p60_282,T3,L,scan,ok,False,teds,0.0
easyocr,scan_p60_282,T3,L,scan,ok,False,table_detection_recall,0.0
easyocr,scan_rfc9110,T3,XL,scan,ok,False,text_similarity,0.8234
easyocr,scan_rfc9110,T3,XL,scan,ok,False,cer,0.1768
easyocr,scan_rfc9110,T3,XL,scan,ok,False,teds,0.0
easyocr,scan_rfc9110,T3,XL,scan,ok,False,table_detection_recall,0.0
easyocr,scan_rfc9158,T3,S,scan,ok,False,text_similarity,0.6582
easyocr,scan_rfc9158,T3,S,scan,ok,False,cer,0.3418
easyocr,scan_rfc9158,T3,S,scan,ok,False,teds,0.0
easyocr,scan_rfc9158,T3,S,scan,ok,False,table_detection_recall,0.0
easyocr,scan_rfc9457,T3,M,scan,ok,False,text_similarity,0.6565
easyocr,scan_rfc9457,T3,M,scan,ok,False,cer,0.3435
marker_noocr,acsbr_023,T2,M,real,ok,False,teds,0.8376
marker_noocr,acsbr_023,T2,M,real,ok,False,table_detection_recall,1.0
marker_noocr,erp2024_full,T2,XL,real,ok,False,teds,0.5823
marker_noocr,erp2024_full,T2,XL,real,ok,False,table_detection_recall,1.0
marker_noocr,gen_t2_long,T2,S,generated,ok,False,teds,0.3399
marker_noocr,gen_t2_long,T2,S,generated,ok,False,table_detection_recall,1.0
marker_noocr,gen_t2_merged,T2,S,generated,ok,False,teds,0.8372
marker_noocr,gen_t2_merged,T2,S,generated,ok,False,table_detection_recall,1.0
marker_noocr,gen_t2_rotated,T2,S,generated,ok,False,teds,0.0
marker_noocr,gen_t2_rotated,T2,S,generated,ok,False,table_detection_recall,0.0
marker_noocr,gen_t2_simple,T2,S,generated,ok,False,teds,1.0
marker_noocr,gen_t2_simple,T2,S,generated,ok,False,table_detection_recall,1.0
marker_noocr,gen_t4_bar,T4,S,generated,ok,False,figure_fact_recall,0.0
marker_noocr,gen_t4_flow,T4,S,generated,ok,False,figure_fact_recall,0.0
marker_noocr,gen_t4_line,T4,S,generated,ok,False,figure_fact_recall,0.0
marker_noocr,gen_t4_mixed,T4,S,generated,ok,False,teds,1.0
marker_noocr,gen_t4_mixed,T4,S,generated,ok,False,table_detection_recall,1.0
marker_noocr,gen_t4_mixed,T4,S,generated,ok,False,figure_fact_recall,0.0
marker_noocr,p60_282,T2,L,real,ok,False,teds,0.8036
marker_noocr,p60_282,T2,L,real,ok,False,table_detection_recall,1.0
marker_noocr,rfc9110,T1,XL,real,ok,False,text_similarity,0.9177
marker_noocr,rfc9110,T1,XL,real,ok,False,cer,0.0823
marker_noocr,rfc9110,T1,XL,real,ok,False,teds,0.908
marker_noocr,rfc9110,T1,XL,real,ok,False,table_detection_recall,1.0
marker_noocr,rfc9112,T1,L,real,ok,False,text_similarity,0.8657
marker_noocr,rfc9112,T1,L,real,ok,False,cer,0.1343
marker_noocr,rfc9158,T1,S,real,ok,False,text_similarity,0.7918
marker_noocr,rfc9158,T1,S,real,ok,False,cer,0.2082
marker_noocr,rfc9158,T1,S,real,ok,False,teds,0.5238
marker_noocr,rfc9158,T1,S,real,ok,False,table_detection_recall,1.0
marker_noocr,rfc9457,T1,M,real,ok,False,text_similarity,0.818
marker_noocr,rfc9457,T1,M,real,ok,False,cer,0.182
marker_noocr,scan_acsbr_023,T3,M,scan,ok,False,text_similarity,0.0
marker_noocr,scan_acsbr_023,T3,M,scan,ok,False,cer,1.0
marker_noocr,scan_acsbr_023,T3,M,scan,ok,False,teds,0.0
marker_noocr,scan_acsbr_023,T3,M,scan,ok,False,table_detection_recall,0.0
marker_noocr,scan_p60_282,T3,L,scan,ok,False,text_similarity,0.0
marker_noocr,scan_p60_282,T3,L,scan,ok,False,cer,1.0
marker_noocr,scan_p60_282,T3,L,scan,ok,False,teds,0.0
marker_noocr,scan_p60_282,T3,L,scan,ok,False,table_detection_recall,0.0
marker_noocr,scan_rfc9110,T3,XL,scan,ok,False,text_similarity,0.0
marker_noocr,scan_rfc9110,T3,XL,scan,ok,False,cer,1.0
marker_noocr,scan_rfc9110,T3,XL,scan,ok,False,teds,0.0
marker_noocr,scan_rfc9110,T3,XL,scan,ok,False,table_detection_recall,0.0
marker_noocr,scan_rfc9158,T3,S,scan,ok,False,text_similarity,0.0
marker_noocr,scan_rfc9158,T3,S,scan,ok,False,cer,1.0
marker_noocr,scan_rfc9158,T3,S,scan,ok,False,teds,0.0
marker_noocr,scan_rfc9158,T3,S,scan,ok,False,table_detection_recall,0.0
marker_noocr,scan_rfc9457,T3,M,scan,ok,False,text_similarity,0.0
marker_noocr,scan_rfc9457,T3,M,scan,ok,False,cer,1.0
mineru,acsbr_023,T2,M,real,ok,False,teds,0.7737
mineru,acsbr_023,T2,M,real,ok,False,table_detection_recall,1.0
mineru,erp2024_full,T2,XL,real,ok,False,teds,0.9427
mineru,erp2024_full,T2,XL,real,ok,False,table_detection_recall,1.0
mineru,gen_t2_long,T2,S,generated,ok,False,teds,1.0
mineru,gen_t2_long,T2,S,generated,ok,False,table_detection_recall,1.0
mineru,gen_t2_merged,T2,S,generated,ok,False,teds,1.0
mineru,gen_t2_merged,T2,S,generated,ok,False,table_detection_recall,1.0
mineru,gen_t2_rotated,T2,S,generated,ok,False,teds,1.0
mineru,gen_t2_rotated,T2,S,generated,ok,False,table_detection_recall,1.0
mineru,gen_t2_simple,T2,S,generated,ok,False,teds,1.0
mineru,gen_t2_simple,T2,S,generated,ok,False,table_detection_recall,1.0
mineru,gen_t4_bar,T4,S,generated,ok,False,figure_fact_recall,0.0833
mineru,gen_t4_flow,T4,S,generated,ok,False,figure_fact_recall,0.0
mineru,gen_t4_line,T4,S,generated,ok,False,figure_fact_recall,0.125
mineru,gen_t4_mixed,T4,S,generated,ok,False,teds,1.0
mineru,gen_t4_mixed,T4,S,generated,ok,False,table_detection_recall,1.0
mineru,gen_t4_mixed,T4,S,generated,ok,False,figure_fact_recall,0.0833
mineru,p60_282,T2,L,real,ok,False,teds,0.6899
mineru,p60_282,T2,L,real,ok,False,table_detection_recall,1.0
mineru,rfc9110,T1,XL,real,ok,False,text_similarity,0.7823
mineru,rfc9110,T1,XL,real,ok,False,cer,0.263
mineru,rfc9110,T1,XL,real,ok,False,teds,1.0
mineru,rfc9110,T1,XL,real,ok,False,table_detection_recall,1.0
mineru,rfc9112,T1,L,real,ok,False,text_similarity,0.7976
mineru,rfc9112,T1,L,real,ok,False,cer,0.2028
mineru,rfc9158,T1,S,real,ok,False,text_similarity,0.6264
mineru,rfc9158,T1,S,real,ok,False,cer,0.3736
mineru,rfc9158,T1,S,real,ok,False,teds,1.0
mineru,rfc9158,T1,S,real,ok,False,table_detection_recall,1.0
mineru,rfc9457,T1,M,real,ok,False,text_similarity,0.7259
mineru,rfc9457,T1,M,real,ok,False,cer,0.2744
mineru,scan_acsbr_023,T3,M,scan,ok,False,text_similarity,0.5007
mineru,scan_acsbr_023,T3,M,scan,ok,False,cer,0.5003
mineru,scan_acsbr_023,T3,M,scan,ok,False,teds,0.7177
mineru,scan_acsbr_023,T3,M,scan,ok,False,table_detection_recall,1.0
mineru,scan_p60_282,T3,L,scan,ok,False,text_similarity,0.6086
mineru,scan_p60_282,T3,L,scan,ok,False,cer,0.3978
mineru,scan_p60_282,T3,L,scan,ok,False,teds,0.6668
mineru,scan_p60_282,T3,L,scan,ok,False,table_detection_recall,1.0
mineru,scan_rfc9110,T3,XL,scan,ok,False,text_similarity,0.7874
mineru,scan_rfc9110,T3,XL,scan,ok,False,cer,0.2541
mineru,scan_rfc9110,T3,XL,scan,ok,False,teds,1.0
mineru,scan_rfc9110,T3,XL,scan,ok,False,table_detection_recall,1.0
mineru,scan_rfc9158,T3,S,scan,ok,False,text_similarity,0.6286
mineru,scan_rfc9158,T3,S,scan,ok,False,cer,0.3714
mineru,scan_rfc9158,T3,S,scan,ok,False,teds,0.4279
mineru,scan_rfc9158,T3,S,scan,ok,False,table_detection_recall,1.0
mineru,scan_rfc9457,T3,M,scan,ok,False,text_similarity,0.7245
mineru,scan_rfc9457,T3,M,scan,ok,False,cer,0.2755
pdfplumber,acsbr_023,T2,M,real,ok,False,teds,0.0851
pdfplumber,acsbr_023,T2,M,real,ok,False,table_detection_recall,0.0
pdfplumber,erp2024_full,T2,XL,real,ok,False,teds,0.1957
pdfplumber,erp2024_full,T2,XL,real,ok,False,table_detection_recall,0.3333
pdfplumber,gen_t2_long,T2,S,generated,ok,False,teds,0.3399
pdfplumber,gen_t2_long,T2,S,generated,ok,False,table_detection_recall,1.0
pdfplumber,gen_t2_merged,T2,S,generated,ok,False,teds,0.8372
pdfplumber,gen_t2_merged,T2,S,generated,ok,False,table_detection_recall,1.0
pdfplumber,gen_t2_rotated,T2,S,generated,ok,False,teds,0.1035
pdfplumber,gen_t2_rotated,T2,S,generated,ok,False,table_detection_recall,0.0
pdfplumber,gen_t2_simple,T2,S,generated,ok,False,teds,1.0
pdfplumber,gen_t2_simple,T2,S,generated,ok,False,table_detection_recall,1.0
pdfplumber,gen_t4_bar,T4,S,generated,ok,False,figure_fact_recall,0.0
pdfplumber,gen_t4_flow,T4,S,generated,ok,False,figure_fact_recall,0.0
pdfplumber,gen_t4_line,T4,S,generated,ok,False,figure_fact_recall,0.0
pdfplumber,gen_t4_mixed,T4,S,generated,ok,False,teds,1.0
pdfplumber,gen_t4_mixed,T4,S,generated,ok,False,table_detection_recall,1.0
pdfplumber,gen_t4_mixed,T4,S,generated,ok,False,figure_fact_recall,0.0
pdfplumber,p60_282,T2,L,real,ok,False,teds,0.0346
pdfplumber,p60_282,T2,L,real,ok,False,table_detection_recall,0.0
pdfplumber,rfc9110,T1,XL,real,ok,False,text_similarity,0.8292
pdfplumber,rfc9110,T1,XL,real,ok,False,cer,0.1708
pdfplumber,rfc9110,T1,XL,real,ok,False,teds,0.4617
pdfplumber,rfc9110,T1,XL,real,ok,False,table_detection_recall,1.0
pdfplumber,rfc9112,T1,L,real,ok,False,text_similarity,0.8169
pdfplumber,rfc9112,T1,L,real,ok,False,cer,0.1831
pdfplumber,rfc9158,T1,S,real,ok,False,text_similarity,0.6992
pdfplumber,rfc9158,T1,S,real,ok,False,cer,0.3008
pdfplumber,rfc9158,T1,S,real,ok,False,teds,0.4279
pdfplumber,rfc9158,T1,S,real,ok,False,table_detection_recall,1.0
pdfplumber,rfc9457,T1,M,real,ok,False,text_similarity,0.697
pdfplumber,rfc9457,T1,M,real,ok,False,cer,0.303
pdfplumber,scan_acsbr_023,T3,M,scan,ok,False,text_similarity,0.0
pdfplumber,scan_acsbr_023,T3,M,scan,ok,False,cer,1.0
pdfplumber,scan_acsbr_023,T3,M,scan,ok,False,teds,0.0
pdfplumber,scan_acsbr_023,T3,M,scan,ok,False,table_detection_recall,0.0
pdfplumber,scan_p60_282,T3,L,scan,ok,False,text_similarity,0.0
pdfplumber,scan_p60_282,T3,L,scan,ok,False,cer,1.0
pdfplumber,scan_p60_282,T3,L,scan,ok,False,teds,0.0
pdfplumber,scan_p60_282,T3,L,scan,ok,False,table_detection_recall,0.0
pdfplumber,scan_rfc9110,T3,XL,scan,ok,False,text_similarity,0.0
pdfplumber,scan_rfc9110,T3,XL,scan,ok,False,cer,1.0
pdfplumber,scan_rfc9110,T3,XL,scan,ok,False,teds,0.0
pdfplumber,scan_rfc9110,T3,XL,scan,ok,False,table_detection_recall,0.0
pdfplumber,scan_rfc9158,T3,S,scan,ok,False,text_similarity,0.0
pdfplumber,scan_rfc9158,T3,S,scan,ok,False,cer,1.0
pdfplumber,scan_rfc9158,T3,S,scan,ok,False,teds,0.0
pdfplumber,scan_rfc9158,T3,S,scan,ok,False,table_detection_recall,0.0
pdfplumber,scan_rfc9457,T3,M,scan,ok,False,text_similarity,0.0
pdfplumber,scan_rfc9457,T3,M,scan,ok,False,cer,1.0
pymupdf,acsbr_023,T2,M,real,ok,False,teds,0.0
pymupdf,acsbr_023,T2,M,real,ok,False,table_detection_recall,0.0
pymupdf,erp2024_full,T2,XL,real,ok,False,teds,0.0
pymupdf,erp2024_full,T2,XL,real,ok,False,table_detection_recall,0.0
pymupdf,gen_t2_long,T2,S,generated,ok,False,teds,0.0
pymupdf,gen_t2_long,T2,S,generated,ok,False,table_detection_recall,0.0
pymupdf,gen_t2_merged,T2,S,generated,ok,False,teds,0.0
pymupdf,gen_t2_merged,T2,S,generated,ok,False,table_detection_recall,0.0
pymupdf,gen_t2_rotated,T2,S,generated,ok,False,teds,0.0
pymupdf,gen_t2_rotated,T2,S,generated,ok,False,table_detection_recall,0.0
pymupdf,gen_t2_simple,T2,S,generated,ok,False,teds,0.0
pymupdf,gen_t2_simple,T2,S,generated,ok,False,table_detection_recall,0.0
pymupdf,gen_t4_bar,T4,S,generated,ok,False,figure_fact_recall,0.0
pymupdf,gen_t4_flow,T4,S,generated,ok,False,figure_fact_recall,0.0
pymupdf,gen_t4_line,T4,S,generated,ok,False,figure_fact_recall,0.0
pymupdf,gen_t4_mixed,T4,S,generated,ok,False,teds,0.0
pymupdf,gen_t4_mixed,T4,S,generated,ok,False,table_detection_recall,0.0
pymupdf,gen_t4_mixed,T4,S,generated,ok,False,figure_fact_recall,0.0
pymupdf,p60_282,T2,L,real,ok,False,teds,0.0
pymupdf,p60_282,T2,L,real,ok,False,table_detection_recall,0.0
pymupdf,rfc9110,T1,XL,real,ok,False,text_similarity,1.0
pymupdf,rfc9110,T1,XL,real,ok,False,cer,0.0
pymupdf,rfc9110,T1,XL,real,ok,False,teds,0.0
pymupdf,rfc9110,T1,XL,real,ok,False,table_detection_recall,0.0
pymupdf,rfc9112,T1,L,real,ok,False,text_similarity,1.0
pymupdf,rfc9112,T1,L,real,ok,False,cer,0.0
pymupdf,rfc9158,T1,S,real,ok,False,text_similarity,1.0
pymupdf,rfc9158,T1,S,real,ok,False,cer,0.0
pymupdf,rfc9158,T1,S,real,ok,False,teds,0.0
pymupdf,rfc9158,T1,S,real,ok,False,table_detection_recall,0.0
pymupdf,rfc9457,T1,M,real,ok,False,text_similarity,1.0
pymupdf,rfc9457,T1,M,real,ok,False,cer,0.0
pymupdf,scan_acsbr_023,T3,M,scan,ok,False,text_similarity,0.0
pymupdf,scan_acsbr_023,T3,M,scan,ok,False,cer,1.0
pymupdf,scan_acsbr_023,T3,M,scan,ok,False,teds,0.0
pymupdf,scan_acsbr_023,T3,M,scan,ok,False,table_detection_recall,0.0
pymupdf,scan_p60_282,T3,L,scan,ok,False,text_similarity,0.0
pymupdf,scan_p60_282,T3,L,scan,ok,False,cer,1.0
pymupdf,scan_p60_282,T3,L,scan,ok,False,teds,0.0
pymupdf,scan_p60_282,T3,L,scan,ok,False,table_detection_recall,0.0
pymupdf,scan_rfc9110,T3,XL,scan,ok,False,text_similarity,0.0
pymupdf,scan_rfc9110,T3,XL,scan,ok,False,cer,1.0
pymupdf,scan_rfc9110,T3,XL,scan,ok,False,teds,0.0
pymupdf,scan_rfc9110,T3,XL,scan,ok,False,table_detection_recall,0.0
pymupdf,scan_rfc9158,T3,S,scan,ok,False,text_similarity,0.0
pymupdf,scan_rfc9158,T3,S,scan,ok,False,cer,1.0
pymupdf,scan_rfc9158,T3,S,scan,ok,False,teds,0.0
pymupdf,scan_rfc9158,T3,S,scan,ok,False,table_detection_recall,0.0
pymupdf,scan_rfc9457,T3,M,scan,ok,False,text_similarity,0.0
pymupdf,scan_rfc9457,T3,M,scan,ok,False,cer,1.0
pymupdf4llm,acsbr_023,T2,M,real,ok,False,teds,0.662
pymupdf4llm,acsbr_023,T2,M,real,ok,False,table_detection_recall,1.0
pymupdf4llm,erp2024_full,T2,XL,real,ok,False,teds,0.9093
pymupdf4llm,erp2024_full,T2,XL,real,ok,False,table_detection_recall,1.0
pymupdf4llm,gen_t2_long,T2,S,generated,ok,False,teds,0.3399
pymupdf4llm,gen_t2_long,T2,S,generated,ok,False,table_detection_recall,1.0
pymupdf4llm,gen_t2_merged,T2,S,generated,ok,False,teds,0.8372
pymupdf4llm,gen_t2_merged,T2,S,generated,ok,False,table_detection_recall,1.0
pymupdf4llm,gen_t2_rotated,T2,S,generated,ok,False,teds,0.104
pymupdf4llm,gen_t2_rotated,T2,S,generated,ok,False,table_detection_recall,0.0
pymupdf4llm,gen_t2_simple,T2,S,generated,ok,False,teds,1.0
pymupdf4llm,gen_t2_simple,T2,S,generated,ok,False,table_detection_recall,1.0
pymupdf4llm,gen_t4_bar,T4,S,generated,ok,False,figure_fact_recall,0.5
pymupdf4llm,gen_t4_flow,T4,S,generated,ok,False,figure_fact_recall,0.0
pymupdf4llm,gen_t4_line,T4,S,generated,ok,False,figure_fact_recall,0.875
pymupdf4llm,gen_t4_mixed,T4,S,generated,ok,False,teds,1.0
pymupdf4llm,gen_t4_mixed,T4,S,generated,ok,False,table_detection_recall,1.0
pymupdf4llm,gen_t4_mixed,T4,S,generated,ok,False,figure_fact_recall,0.8333
pymupdf4llm,p60_282,T2,L,real,ok,False,teds,0.7137
pymupdf4llm,p60_282,T2,L,real,ok,False,table_detection_recall,1.0
pymupdf4llm,rfc9110,T1,XL,real,ok,False,text_similarity,0.8379
pymupdf4llm,rfc9110,T1,XL,real,ok,False,cer,0.1624
pymupdf4llm,rfc9110,T1,XL,real,ok,False,teds,0.8691
pymupdf4llm,rfc9110,T1,XL,real,ok,False,table_detection_recall,1.0
pymupdf4llm,rfc9112,T1,L,real,ok,False,text_similarity,0.8267
pymupdf4llm,rfc9112,T1,L,real,ok,False,cer,0.1733
pymupdf4llm,rfc9158,T1,S,real,ok,False,text_similarity,0.6858
pymupdf4llm,rfc9158,T1,S,real,ok,False,cer,0.3143
pymupdf4llm,rfc9158,T1,S,real,ok,False,teds,0.9295
pymupdf4llm,rfc9158,T1,S,real,ok,False,table_detection_recall,1.0
pymupdf4llm,rfc9457,T1,M,real,ok,False,text_similarity,0.6932
pymupdf4llm,rfc9457,T1,M,real,ok,False,cer,0.3068
pymupdf4llm,scan_acsbr_023,T3,M,scan,ok,False,text_similarity,0.497
pymupdf4llm,scan_acsbr_023,T3,M,scan,ok,False,cer,0.5052
pymupdf4llm,scan_acsbr_023,T3,M,scan,ok,False,teds,0.4036
pymupdf4llm,scan_acsbr_023,T3,M,scan,ok,False,table_detection_recall,1.0
pymupdf4llm,scan_p60_282,T3,L,scan,ok,False,text_similarity,0.4466
pymupdf4llm,scan_p60_282,T3,L,scan,ok,False,cer,0.5734
pymupdf4llm,scan_p60_282,T3,L,scan,ok,False,teds,0.5117
pymupdf4llm,scan_p60_282,T3,L,scan,ok,False,table_detection_recall,1.0
pymupdf4llm,scan_rfc9110,T3,XL,scan,ok,False,text_similarity,0.8334
pymupdf4llm,scan_rfc9110,T3,XL,scan,ok,False,cer,0.1668
pymupdf4llm,scan_rfc9110,T3,XL,scan,ok,False,teds,0.8338
pymupdf4llm,scan_rfc9110,T3,XL,scan,ok,False,table_detection_recall,1.0
pymupdf4llm,scan_rfc9158,T3,S,scan,ok,False,text_similarity,0.6907
pymupdf4llm,scan_rfc9158,T3,S,scan,ok,False,cer,0.3094
pymupdf4llm,scan_rfc9158,T3,S,scan,ok,False,teds,0.3537
pymupdf4llm,scan_rfc9158,T3,S,scan,ok,False,table_detection_recall,1.0
pymupdf4llm,scan_rfc9457,T3,M,scan,ok,False,text_similarity,0.6875
pymupdf4llm,scan_rfc9457,T3,M,scan,ok,False,cer,0.3125
tesseract,acsbr_023,T2,M,real,ok,False,teds,0.0
tesseract,acsbr_023,T2,M,real,ok,False,table_detection_recall,0.0
tesseract,erp2024_full,T2,XL,real,ok,False,teds,0.0
tesseract,erp2024_full,T2,XL,real,ok,False,table_detection_recall,0.0
tesseract,gen_t2_long,T2,S,generated,ok,False,teds,0.0
tesseract,gen_t2_long,T2,S,generated,ok,False,table_detection_recall,0.0
tesseract,gen_t2_merged,T2,S,generated,ok,False,teds,0.0
tesseract,gen_t2_merged,T2,S,generated,ok,False,table_detection_recall,0.0
tesseract,gen_t2_rotated,T2,S,generated,ok,False,teds,0.0
tesseract,gen_t2_rotated,T2,S,generated,ok,False,table_detection_recall,0.0
tesseract,gen_t2_simple,T2,S,generated,ok,False,teds,0.0
tesseract,gen_t2_simple,T2,S,generated,ok,False,table_detection_recall,0.0
tesseract,gen_t4_bar,T4,S,generated,ok,False,figure_fact_recall,0.5833
tesseract,gen_t4_flow,T4,S,generated,ok,False,figure_fact_recall,1.0
tesseract,gen_t4_line,T4,S,generated,ok,False,figure_fact_recall,0.5
tesseract,gen_t4_mixed,T4,S,generated,ok,False,teds,0.0
tesseract,gen_t4_mixed,T4,S,generated,ok,False,table_detection_recall,0.0
tesseract,gen_t4_mixed,T4,S,generated,ok,False,figure_fact_recall,0.5
tesseract,p60_282,T2,L,real,ok,False,teds,0.0
tesseract,p60_282,T2,L,real,ok,False,table_detection_recall,0.0
tesseract,rfc9110,T1,XL,real,ok,False,text_similarity,0.8347
tesseract,rfc9110,T1,XL,real,ok,False,cer,0.1653
tesseract,rfc9110,T1,XL,real,ok,False,teds,0.0
tesseract,rfc9110,T1,XL,real,ok,False,table_detection_recall,0.0
tesseract,rfc9112,T1,L,real,ok,False,text_similarity,0.8282
tesseract,rfc9112,T1,L,real,ok,False,cer,0.1718
tesseract,rfc9158,T1,S,real,ok,False,text_similarity,0.6949
tesseract,rfc9158,T1,S,real,ok,False,cer,0.3051
tesseract,rfc9158,T1,S,real,ok,False,teds,0.0
tesseract,rfc9158,T1,S,real,ok,False,table_detection_recall,0.0
tesseract,rfc9457,T1,M,real,ok,False,text_similarity,0.6985
tesseract,rfc9457,T1,M,real,ok,False,cer,0.3015
tesseract,scan_acsbr_023,T3,M,scan,ok,False,text_similarity,0.5873
tesseract,scan_acsbr_023,T3,M,scan,ok,False,cer,0.4137
tesseract,scan_acsbr_023,T3,M,scan,ok,False,teds,0.0
tesseract,scan_acsbr_023,T3,M,scan,ok,False,table_detection_recall,0.0
tesseract,scan_p60_282,T3,L,scan,ok,False,text_similarity,0.5693
tesseract,scan_p60_282,T3,L,scan,ok,False,cer,0.4368
tesseract,scan_p60_282,T3,L,scan,ok,False,teds,0.0
tesseract,scan_p60_282,T3,L,scan,ok,False,table_detection_recall,0.0
tesseract,scan_rfc9110,T3,XL,scan,ok,False,text_similarity,0.8317
tesseract,scan_rfc9110,T3,XL,scan,ok,False,cer,0.1683
tesseract,scan_rfc9110,T3,XL,scan,ok,False,teds,0.0
tesseract,scan_rfc9110,T3,XL,scan,ok,False,table_detection_recall,0.0
tesseract,scan_rfc9158,T3,S,scan,ok,False,text_similarity,0.7139
tesseract,scan_rfc9158,T3,S,scan,ok,False,cer,0.2861
tesseract,scan_rfc9158,T3,S,scan,ok,False,teds,0.0
tesseract,scan_rfc9158,T3,S,scan,ok,False,table_detection_recall,0.0
tesseract,scan_rfc9457,T3,M,scan,ok,False,text_similarity,0.6966
tesseract,scan_rfc9457,T3,M,scan,ok,False,cer,0.3034
