extractor,doc_id,tier,bucket,source,machine,status,sampled,pages,seconds,seconds_per_page,peak_rss_mb,version,error
docling,acsbr_023,T2,M,real,gpu:Tesla T4,ok,False,9,37.881,4.209,2851.2,docling==2.130.0,
docling,erp2024_full,T2,XL,real,gpu:Tesla T4,ok,False,487,1160.176,2.382,7875.3,docling==2.130.0,
docling,erp2024_table1,T2,S,real,gpu:Tesla T4,ok,False,2,34.027,17.014,2385.8,docling==2.130.0,
docling,erp2024_table3,T2,S,real,gpu:Tesla T4,ok,False,2,43.394,21.697,2477.9,docling==2.130.0,
docling,gen_t2_long,T2,S,generated,gpu:Tesla T4,ok,False,4,19.799,4.95,2494.1,docling==2.130.0,
docling,gen_t2_merged,T2,S,generated,gpu:Tesla T4,ok,False,1,14.47,14.47,2360.0,docling==2.130.0,
docling,gen_t2_rotated,T2,S,generated,gpu:Tesla T4,ok,False,1,14.413,14.413,2261.7,docling==2.130.0,
docling,gen_t2_simple,T2,S,generated,gpu:Tesla T4,ok,False,1,14.47,14.47,2264.0,docling==2.130.0,
docling,gen_t4_bar,T4,S,generated,gpu:Tesla T4,ok,False,1,13.825,13.825,2243.6,docling==2.130.0,
docling,gen_t4_flow,T4,S,generated,gpu:Tesla T4,ok,False,1,13.912,13.912,2161.0,docling==2.130.0,
docling,gen_t4_line,T4,S,generated,gpu:Tesla T4,ok,False,1,13.956,13.956,2232.3,docling==2.130.0,
docling,gen_t4_mixed,T4,S,generated,gpu:Tesla T4,ok,False,1,14.486,14.486,2241.6,docling==2.130.0,
docling,nasa_se_handbook,T4,XL,real,gpu:Tesla T4,ok,False,297,334.597,1.127,6660.2,docling==2.130.0,
docling,nasa_tm100396,T4,L,real,gpu:Tesla T4,ok,False,46,148.718,3.233,3489.4,docling==2.130.0,
docling,nasa_tm104114,T4,XL,real,gpu:Tesla T4,ok,False,103,168.693,1.638,5064.9,docling==2.130.0,
docling,nasa_tm_x9471,T4,M,real,gpu:Tesla T4,ok,False,7,23.619,3.374,2549.0,docling==2.130.0,
docling,nasa_webb_factsheet,T4,S,real,gpu:Tesla T4,ok,False,2,17.588,8.794,2443.7,docling==2.130.0,
docling,p60_282,T2,L,real,gpu:Tesla T4,ok,False,59,206.167,3.494,3927.8,docling==2.130.0,
docling,rfc9110,T1,XL,real,gpu:Tesla T4,ok,False,194,254.263,1.311,5483.5,docling==2.130.0,
docling,rfc9112,T1,L,real,gpu:Tesla T4,ok,False,46,68.888,1.498,3330.2,docling==2.130.0,
docling,rfc9158,T1,S,real,gpu:Tesla T4,ok,False,4,35.419,8.855,2693.9,docling==2.130.0,
docling,rfc9457,T1,M,real,gpu:Tesla T4,ok,False,16,32.735,2.046,2906.7,docling==2.130.0,
docling,scan_acsbr_023,T3,M,scan,gpu:Tesla T4,ok,False,9,43.588,4.843,2686.5,docling==2.130.0,
docling,scan_p60_282,T3,L,scan,gpu:Tesla T4,ok,False,59,252.044,4.272,3611.6,docling==2.130.0,
docling,scan_rfc9110,T3,XL,scan,gpu:Tesla T4,ok,False,194,474.081,2.444,4931.0,docling==2.130.0,
docling,scan_rfc9158,T3,S,scan,gpu:Tesla T4,ok,False,4,22.668,5.667,2598.7,docling==2.130.0,
docling,scan_rfc9457,T3,M,scan,gpu:Tesla T4,ok,False,16,48.78,3.049,2872.7,docling==2.130.0,
easyocr,acsbr_023,T2,M,real,gpu:Tesla T4,ok,False,9,70.52,7.836,1725.4,easyocr==1.7.2,
easyocr,erp2024_full,T2,XL,real,gpu:Tesla T4,ok,False,487,1515.947,3.113,1703.9,easyocr==1.7.2,
easyocr,erp2024_table1,T2,S,real,gpu:Tesla T4,ok,False,2,21.473,10.736,1584.0,easyocr==1.7.2,
easyocr,erp2024_table3,T2,S,real,gpu:Tesla T4,ok,False,2,19.186,9.593,1587.2,easyocr==1.7.2,
easyocr,gen_t2_long,T2,S,generated,gpu:Tesla T4,ok,False,4,17.03,4.258,1677.8,easyocr==1.7.2,
easyocr,gen_t2_merged,T2,S,generated,gpu:Tesla T4,ok,False,1,9.798,9.798,1507.1,easyocr==1.7.2,
easyocr,gen_t2_rotated,T2,S,generated,gpu:Tesla T4,ok,False,1,10.095,10.095,1498.5,easyocr==1.7.2,
easyocr,gen_t2_simple,T2,S,generated,gpu:Tesla T4,ok,False,1,9.815,9.815,1506.3,easyocr==1.7.2,
easyocr,gen_t4_bar,T4,S,generated,gpu:Tesla T4,ok,False,1,9.694,9.694,1527.6,easyocr==1.7.2,
easyocr,gen_t4_flow,T4,S,generated,gpu:Tesla T4,ok,False,1,9.494,9.494,1615.3,easyocr==1.7.2,
easyocr,gen_t4_line,T4,S,generated,gpu:Tesla T4,ok,False,1,9.638,9.638,1509.5,easyocr==1.7.2,
easyocr,gen_t4_mixed,T4,S,generated,gpu:Tesla T4,ok,False,1,9.982,9.982,1549.7,easyocr==1.7.2,
easyocr,nasa_se_handbook,T4,XL,real,gpu:Tesla T4,ok,False,297,1513.248,5.095,1753.7,easyocr==1.7.2,
easyocr,nasa_tm100396,T4,L,real,gpu:Tesla T4,ok,False,46,257.995,5.609,1961.5,easyocr==1.7.2,
easyocr,nasa_tm104114,T4,XL,real,gpu:Tesla T4,ok,False,103,371.755,3.609,1981.0,easyocr==1.7.2,
easyocr,nasa_tm_x9471,T4,M,real,gpu:Tesla T4,ok,False,7,34.995,4.999,1687.4,easyocr==1.7.2,
easyocr,nasa_webb_factsheet,T4,S,real,gpu:Tesla T4,ok,False,2,16.666,8.333,1722.7,easyocr==1.7.2,
easyocr,p60_282,T2,L,real,gpu:Tesla T4,ok,False,59,476.164,8.071,1763.8,easyocr==1.7.2,
easyocr,rfc9110,T1,XL,real,gpu:Tesla T4,ok,False,194,822.512,4.24,1708.9,easyocr==1.7.2,
easyocr,rfc9112,T1,L,real,gpu:Tesla T4,ok,False,46,190.488,4.141,1705.1,easyocr==1.7.2,
easyocr,rfc9158,T1,S,real,gpu:Tesla T4,ok,False,4,20.266,5.066,1692.3,easyocr==1.7.2,
easyocr,rfc9457,T1,M,real,gpu:Tesla T4,ok,False,16,66.03,4.127,1687.6,easyocr==1.7.2,
easyocr,scan_acsbr_023,T3,M,scan,gpu:Tesla T4,ok,False,9,69.675,7.742,1780.1,easyocr==1.7.2,
easyocr,scan_p60_282,T3,L,scan,gpu:Tesla T4,ok,False,59,459.477,7.788,1947.8,easyocr==1.7.2,
easyocr,scan_rfc9110,T3,XL,scan,gpu:Tesla T4,ok,False,194,835.302,4.306,1963.1,easyocr==1.7.2,
easyocr,scan_rfc9158,T3,S,scan,gpu:Tesla T4,ok,False,4,20.788,5.197,1718.1,easyocr==1.7.2,
easyocr,scan_rfc9457,T3,M,scan,gpu:Tesla T4,ok,False,16,69.684,4.355,1865.0,easyocr==1.7.2,
marker_noocr,acsbr_023,T2,M,real,gpu:Tesla T4,ok,False,9,13.693,1.521,1114.9,marker-pdf==2.0.0,
marker_noocr,erp2024_full,T2,XL,real,gpu:Tesla T4,ok,False,487,147.821,0.304,5346.1,marker-pdf==2.0.0,
marker_noocr,erp2024_table1,T2,S,real,gpu:Tesla T4,ok,False,2,10.941,5.471,942.0,marker-pdf==2.0.0,
marker_noocr,erp2024_table3,T2,S,real,gpu:Tesla T4,ok,False,2,10.881,5.441,942.6,marker-pdf==2.0.0,
marker_noocr,gen_t2_long,T2,S,generated,gpu:Tesla T4,ok,False,4,10.295,2.574,1026.2,marker-pdf==2.0.0,
marker_noocr,gen_t2_merged,T2,S,generated,gpu:Tesla T4,ok,False,1,9.686,9.686,922.0,marker-pdf==2.0.0,
marker_noocr,gen_t2_rotated,T2,S,generated,gpu:Tesla T4,ok,False,1,9.567,9.567,921.4,marker-pdf==2.0.0,
marker_noocr,gen_t2_simple,T2,S,generated,gpu:Tesla T4,ok,False,1,9.631,9.631,921.8,marker-pdf==2.0.0,
marker_noocr,gen_t4_bar,T4,S,generated,gpu:Tesla T4,ok,False,1,9.715,9.715,926.6,marker-pdf==2.0.0,
marker_noocr,gen_t4_flow,T4,S,generated,gpu:Tesla T4,ok,False,1,9.506,9.506,961.9,marker-pdf==2.0.0,
marker_noocr,gen_t4_line,T4,S,generated,gpu:Tesla T4,ok,False,1,9.71,9.71,926.0,marker-pdf==2.0.0,
marker_noocr,gen_t4_mixed,T4,S,generated,gpu:Tesla T4,ok,False,1,9.552,9.552,925.3,marker-pdf==2.0.0,
marker_noocr,nasa_se_handbook,T4,XL,real,gpu:Tesla T4,ok,False,297,95.263,0.321,3831.9,marker-pdf==2.0.0,
marker_noocr,nasa_tm100396,T4,L,real,gpu:Tesla T4,ok,False,46,35.397,0.769,3146.2,marker-pdf==2.0.0,
marker_noocr,nasa_tm104114,T4,XL,real,gpu:Tesla T4,ok,False,103,45.179,0.439,3201.6,marker-pdf==2.0.0,
marker_noocr,nasa_tm_x9471,T4,M,real,gpu:Tesla T4,ok,False,7,11.661,1.666,1034.3,marker-pdf==2.0.0,
marker_noocr,nasa_webb_factsheet,T4,S,real,gpu:Tesla T4,ok,False,2,12.026,6.013,995.7,marker-pdf==2.0.0,
marker_noocr,p60_282,T2,L,real,gpu:Tesla T4,ok,False,59,44.3,0.751,3342.1,marker-pdf==2.0.0,
marker_noocr,rfc9110,T1,XL,real,gpu:Tesla T4,ok,False,194,57.943,0.299,3423.7,marker-pdf==2.0.0,
marker_noocr,rfc9112,T1,L,real,gpu:Tesla T4,ok,False,46,20.916,0.455,3146.4,marker-pdf==2.0.0,
marker_noocr,rfc9158,T1,S,real,gpu:Tesla T4,ok,False,4,28.241,7.06,2904.5,marker-pdf==2.0.0,
marker_noocr,rfc9457,T1,M,real,gpu:Tesla T4,ok,False,16,13.234,0.827,1090.4,marker-pdf==2.0.0,
marker_noocr,scan_acsbr_023,T3,M,scan,gpu:Tesla T4,ok,False,9,13.225,1.469,1073.1,marker-pdf==2.0.0,
marker_noocr,scan_p60_282,T3,L,scan,gpu:Tesla T4,ok,False,59,30.725,0.521,2005.6,marker-pdf==2.0.0,
marker_noocr,scan_rfc9110,T3,XL,scan,gpu:Tesla T4,ok,False,194,64.611,0.333,2383.4,marker-pdf==2.0.0,
marker_noocr,scan_rfc9158,T3,S,scan,gpu:Tesla T4,ok,False,4,11.565,2.891,971.7,marker-pdf==2.0.0,
marker_noocr,scan_rfc9457,T3,M,scan,gpu:Tesla T4,ok,False,16,16.678,1.042,1165.2,marker-pdf==2.0.0,
mineru,acsbr_023,T2,M,real,gpu:Tesla T4,ok,False,9,45.816,5.091,4418.2,mineru==3.4.5,
mineru,erp2024_full,T2,XL,real,gpu:Tesla T4,ok,False,487,619.202,1.271,9210.3,mineru==3.4.5,
mineru,erp2024_table1,T2,S,real,gpu:Tesla T4,ok,False,2,38.1,19.05,4066.4,mineru==3.4.5,
mineru,erp2024_table3,T2,S,real,gpu:Tesla T4,ok,False,2,39.294,19.647,4135.4,mineru==3.4.5,
mineru,gen_t2_long,T2,S,generated,gpu:Tesla T4,ok,False,4,35.875,8.969,4263.5,mineru==3.4.5,
mineru,gen_t2_merged,T2,S,generated,gpu:Tesla T4,ok,False,1,30.058,30.058,3962.0,mineru==3.4.5,
mineru,gen_t2_rotated,T2,S,generated,gpu:Tesla T4,ok,False,1,30.0,30.0,3926.1,mineru==3.4.5,
mineru,gen_t2_simple,T2,S,generated,gpu:Tesla T4,ok,False,1,29.873,29.873,4031.1,mineru==3.4.5,
mineru,gen_t4_bar,T4,S,generated,gpu:Tesla T4,ok,False,1,28.638,28.638,3921.3,mineru==3.4.5,
mineru,gen_t4_flow,T4,S,generated,gpu:Tesla T4,ok,False,1,29.168,29.168,3896.8,mineru==3.4.5,
mineru,gen_t4_line,T4,S,generated,gpu:Tesla T4,ok,False,1,28.708,28.708,3912.5,mineru==3.4.5,
mineru,gen_t4_mixed,T4,S,generated,gpu:Tesla T4,ok,False,1,30.02,30.02,4029.6,mineru==3.4.5,
mineru,nasa_se_handbook,T4,XL,real,gpu:Tesla T4,ok,False,297,242.895,0.818,9753.9,mineru==3.4.5,
mineru,nasa_tm100396,T4,L,real,gpu:Tesla T4,ok,False,45,120.129,2.67,5599.3,mineru==3.4.5,
mineru,nasa_tm104114,T4,XL,real,gpu:Tesla T4,ok,False,103,95.327,0.926,8249.9,mineru==3.4.5,
mineru,nasa_tm_x9471,T4,M,real,gpu:Tesla T4,ok,False,7,31.205,4.458,4267.4,mineru==3.4.5,
mineru,nasa_webb_factsheet,T4,S,real,gpu:Tesla T4,ok,False,2,30.369,15.184,4051.9,mineru==3.4.5,
mineru,p60_282,T2,L,real,gpu:Tesla T4,ok,False,59,199.325,3.378,7028.3,mineru==3.4.5,
mineru,rfc9110,T1,XL,real,gpu:Tesla T4,ok,False,194,148.217,0.764,9874.9,mineru==3.4.5,
mineru,rfc9112,T1,L,real,gpu:Tesla T4,ok,False,46,57.013,1.239,6393.0,mineru==3.4.5,
mineru,rfc9158,T1,S,real,gpu:Tesla T4,ok,False,4,42.227,10.557,4230.1,mineru==3.4.5,
mineru,rfc9457,T1,M,real,gpu:Tesla T4,ok,False,16,38.429,2.402,4688.8,mineru==3.4.5,
mineru,scan_acsbr_023,T3,M,scan,gpu:Tesla T4,ok,False,9,46.549,5.172,4410.9,mineru==3.4.5,
mineru,scan_p60_282,T3,L,scan,gpu:Tesla T4,ok,False,59,208.409,3.532,7157.3,mineru==3.4.5,
mineru,scan_rfc9110,T3,XL,scan,gpu:Tesla T4,ok,False,194,185.461,0.956,10795.9,mineru==3.4.5,
mineru,scan_rfc9158,T3,S,scan,gpu:Tesla T4,ok,False,4,31.816,7.954,4123.3,mineru==3.4.5,
mineru,scan_rfc9457,T3,M,scan,gpu:Tesla T4,ok,False,16,42.868,2.679,4737.7,mineru==3.4.5,
pdfplumber,acsbr_023,T2,M,real,cpu,ok,False,9,1.974,0.219,117.2,pdfplumber==0.11.10,
pdfplumber,erp2024_full,T2,XL,real,cpu,ok,False,487,95.526,0.196,117.2,pdfplumber==0.11.10,
pdfplumber,erp2024_table1,T2,S,real,cpu,ok,False,2,1.359,0.679,117.2,pdfplumber==0.11.10,
pdfplumber,erp2024_table3,T2,S,real,cpu,ok,False,2,1.429,0.715,117.2,pdfplumber==0.11.10,
pdfplumber,gen_t2_long,T2,S,generated,cpu,ok,False,4,0.259,0.065,204.2,pdfplumber==0.11.10,
pdfplumber,gen_t2_merged,T2,S,generated,cpu,ok,False,1,0.116,0.116,204.2,pdfplumber==0.11.10,
pdfplumber,gen_t2_rotated,T2,S,generated,cpu,ok,False,1,0.114,0.114,204.2,pdfplumber==0.11.10,
pdfplumber,gen_t2_simple,T2,S,generated,cpu,ok,False,1,0.116,0.116,204.2,pdfplumber==0.11.10,
pdfplumber,gen_t4_bar,T4,S,generated,cpu,ok,False,1,0.099,0.099,204.2,pdfplumber==0.11.10,
pdfplumber,gen_t4_flow,T4,S,generated,cpu,ok,False,1,0.1,0.1,204.2,pdfplumber==0.11.10,
pdfplumber,gen_t4_line,T4,S,generated,cpu,ok,False,1,0.101,0.101,204.2,pdfplumber==0.11.10,
pdfplumber,gen_t4_mixed,T4,S,generated,cpu,ok,False,1,0.116,0.116,204.2,pdfplumber==0.11.10,
pdfplumber,nasa_se_handbook,T4,XL,real,cpu,ok,False,297,45.192,0.152,124.2,pdfplumber==0.11.10,
pdfplumber,nasa_tm100396,T4,L,real,cpu,ok,False,46,3.426,0.074,117.2,pdfplumber==0.11.10,
pdfplumber,nasa_tm104114,T4,XL,real,cpu,ok,False,103,7.253,0.07,124.2,pdfplumber==0.11.10,
pdfplumber,nasa_tm_x9471,T4,M,real,cpu,ok,False,7,0.846,0.121,117.2,pdfplumber==0.11.10,
pdfplumber,nasa_webb_factsheet,T4,S,real,cpu,ok,False,2,0.351,0.175,117.2,pdfplumber==0.11.10,
pdfplumber,p60_282,T2,L,real,cpu,ok,False,59,16.369,0.277,117.2,pdfplumber==0.11.10,
pdfplumber,rfc9110,T1,XL,real,cpu,ok,False,194,22.423,0.116,117.2,pdfplumber==0.11.10,
pdfplumber,rfc9112,T1,L,real,cpu,ok,False,46,4.909,0.107,117.2,pdfplumber==0.11.10,
pdfplumber,rfc9158,T1,S,real,cpu,ok,False,4,0.413,0.103,117.2,pdfplumber==0.11.10,
pdfplumber,rfc9457,T1,M,real,cpu,ok,False,16,1.455,0.091,117.2,pdfplumber==0.11.10,
pdfplumber,scan_acsbr_023,T3,M,scan,cpu,ok,False,9,0.092,0.01,124.2,pdfplumber==0.11.10,
pdfplumber,scan_p60_282,T3,L,scan,cpu,ok,False,59,0.178,0.003,146.9,pdfplumber==0.11.10,
pdfplumber,scan_rfc9110,T3,XL,scan,cpu,ok,False,194,0.389,0.002,204.2,pdfplumber==0.11.10,
pdfplumber,scan_rfc9158,T3,S,scan,cpu,ok,False,4,0.081,0.02,124.2,pdfplumber==0.11.10,
pdfplumber,scan_rfc9457,T3,M,scan,cpu,ok,False,16,0.099,0.006,124.2,pdfplumber==0.11.10,
pymupdf,acsbr_023,T2,M,real,cpu,ok,False,9,0.279,0.031,117.6,pymupdf==1.28.2,
pymupdf,erp2024_full,T2,XL,real,cpu,ok,False,487,3.836,0.008,136.7,pymupdf==1.28.2,
pymupdf,erp2024_table1,T2,S,real,cpu,ok,False,2,0.213,0.106,117.6,pymupdf==1.28.2,
pymupdf,erp2024_table3,T2,S,real,cpu,ok,False,2,0.214,0.107,117.6,pymupdf==1.28.2,
pymupdf,gen_t2_long,T2,S,generated,cpu,ok,False,4,0.122,0.03,204.6,pymupdf==1.28.2,
pymupdf,gen_t2_merged,T2,S,generated,cpu,ok,False,1,0.119,0.119,204.6,pymupdf==1.28.2,
pymupdf,gen_t2_rotated,T2,S,generated,cpu,ok,False,1,0.119,0.119,204.6,pymupdf==1.28.2,
pymupdf,gen_t2_simple,T2,S,generated,cpu,ok,False,1,0.119,0.119,204.6,pymupdf==1.28.2,
pymupdf,gen_t4_bar,T4,S,generated,cpu,ok,False,1,0.118,0.118,204.6,pymupdf==1.28.2,
pymupdf,gen_t4_flow,T4,S,generated,cpu,ok,False,1,0.12,0.12,204.6,pymupdf==1.28.2,
pymupdf,gen_t4_line,T4,S,generated,cpu,ok,False,1,0.122,0.122,204.6,pymupdf==1.28.2,
pymupdf,gen_t4_mixed,T4,S,generated,cpu,ok,False,1,0.119,0.119,204.6,pymupdf==1.28.2,
pymupdf,nasa_se_handbook,T4,XL,real,cpu,ok,False,297,4.535,0.015,124.5,pymupdf==1.28.2,
pymupdf,nasa_tm100396,T4,L,real,cpu,ok,False,46,0.24,0.005,117.6,pymupdf==1.28.2,
pymupdf,nasa_tm104114,T4,XL,real,cpu,ok,False,103,0.384,0.004,124.5,pymupdf==1.28.2,
pymupdf,nasa_tm_x9471,T4,M,real,cpu,ok,False,7,0.162,0.023,117.6,pymupdf==1.28.2,
pymupdf,nasa_webb_factsheet,T4,S,real,cpu,ok,False,2,0.181,0.09,117.6,pymupdf==1.28.2,
pymupdf,p60_282,T2,L,real,cpu,ok,False,59,1.318,0.022,117.6,pymupdf==1.28.2,
pymupdf,rfc9110,T1,XL,real,cpu,ok,False,194,1.181,0.006,117.6,pymupdf==1.28.2,
pymupdf,rfc9112,T1,L,real,cpu,ok,False,46,0.357,0.008,117.6,pymupdf==1.28.2,
pymupdf,rfc9158,T1,S,real,cpu,ok,False,4,0.141,0.035,117.6,pymupdf==1.28.2,
pymupdf,rfc9457,T1,M,real,cpu,ok,False,16,0.177,0.011,117.6,pymupdf==1.28.2,
pymupdf,scan_acsbr_023,T3,M,scan,cpu,ok,False,9,0.13,0.014,124.5,pymupdf==1.28.2,
pymupdf,scan_p60_282,T3,L,scan,cpu,ok,False,59,0.203,0.003,147.3,pymupdf==1.28.2,
pymupdf,scan_rfc9110,T3,XL,scan,cpu,ok,False,194,0.373,0.002,204.6,pymupdf==1.28.2,
pymupdf,scan_rfc9158,T3,S,scan,cpu,ok,False,4,0.119,0.03,124.5,pymupdf==1.28.2,
pymupdf,scan_rfc9457,T3,M,scan,cpu,ok,False,16,0.129,0.008,124.5,pymupdf==1.28.2,
pymupdf4llm,acsbr_023,T2,M,real,cpu,ok,False,9,10.21,1.134,478.1,"pymupdf4llm==1.28.2, pymupdf==1.28.2",
pymupdf4llm,erp2024_full,T2,XL,real,cpu,ok,False,487,427.296,0.877,1233.0,"pymupdf4llm==1.28.2, pymupdf==1.28.2",
pymupdf4llm,erp2024_table1,T2,S,real,cpu,ok,False,2,9.178,4.589,555.6,"pymupdf4llm==1.28.2, pymupdf==1.28.2",
pymupdf4llm,erp2024_table3,T2,S,real,cpu,ok,False,2,8.977,4.489,457.0,"pymupdf4llm==1.28.2, pymupdf==1.28.2",
pymupdf4llm,gen_t2_long,T2,S,generated,cpu,ok,False,4,2.326,0.582,349.4,"pymupdf4llm==1.28.2, pymupdf==1.28.2",
pymupdf4llm,gen_t2_merged,T2,S,generated,cpu,ok,False,1,1.207,1.207,258.5,"pymupdf4llm==1.28.2, pymupdf==1.28.2",
pymupdf4llm,gen_t2_rotated,T2,S,generated,cpu,ok,False,1,1.388,1.388,259.0,"pymupdf4llm==1.28.2, pymupdf==1.28.2",
pymupdf4llm,gen_t2_simple,T2,S,generated,cpu,ok,False,1,1.209,1.209,258.8,"pymupdf4llm==1.28.2, pymupdf==1.28.2",
pymupdf4llm,gen_t4_bar,T4,S,generated,cpu,ok,False,1,1.675,1.675,264.5,"pymupdf4llm==1.28.2, pymupdf==1.28.2",
pymupdf4llm,gen_t4_flow,T4,S,generated,cpu,ok,False,1,1.325,1.325,270.4,"pymupdf4llm==1.28.2, pymupdf==1.28.2",
pymupdf4llm,gen_t4_line,T4,S,generated,cpu,ok,False,1,1.711,1.711,272.8,"pymupdf4llm==1.28.2, pymupdf==1.28.2",
pymupdf4llm,gen_t4_mixed,T4,S,generated,cpu,ok,False,1,1.723,1.723,271.8,"pymupdf4llm==1.28.2, pymupdf==1.28.2",
pymupdf4llm,nasa_se_handbook,T4,XL,real,cpu,ok,False,297,139.219,0.469,536.5,"pymupdf4llm==1.28.2, pymupdf==1.28.2",
pymupdf4llm,nasa_tm100396,T4,L,real,cpu,ok,False,46,52.401,1.139,813.8,"pymupdf4llm==1.28.2, pymupdf==1.28.2",
pymupdf4llm,nasa_tm104114,T4,XL,real,cpu,ok,False,103,97.298,0.945,682.4,"pymupdf4llm==1.28.2, pymupdf==1.28.2",
pymupdf4llm,nasa_tm_x9471,T4,M,real,cpu,ok,False,7,4.928,0.704,382.7,"pymupdf4llm==1.28.2, pymupdf==1.28.2",
pymupdf4llm,nasa_webb_factsheet,T4,S,real,cpu,ok,False,2,14.259,7.13,444.8,"pymupdf4llm==1.28.2, pymupdf==1.28.2",
pymupdf4llm,p60_282,T2,L,real,cpu,ok,False,59,63.269,1.072,642.8,"pymupdf4llm==1.28.2, pymupdf==1.28.2",
pymupdf4llm,rfc9110,T1,XL,real,cpu,ok,False,194,69.909,0.36,427.3,"pymupdf4llm==1.28.2, pymupdf==1.28.2",
pymupdf4llm,rfc9112,T1,L,real,cpu,ok,False,46,16.648,0.362,385.5,"pymupdf4llm==1.28.2, pymupdf==1.28.2",
pymupdf4llm,rfc9158,T1,S,real,cpu,ok,False,4,2.316,0.579,343.6,"pymupdf4llm==1.28.2, pymupdf==1.28.2",
pymupdf4llm,rfc9457,T1,M,real,cpu,ok,False,16,5.945,0.372,355.7,"pymupdf4llm==1.28.2, pymupdf==1.28.2",
pymupdf4llm,scan_acsbr_023,T3,M,scan,cpu,ok,False,9,66.964,7.44,534.7,"pymupdf4llm==1.28.2, pymupdf==1.28.2",
pymupdf4llm,scan_p60_282,T3,L,scan,cpu,ok,False,59,545.57,9.247,953.5,"pymupdf4llm==1.28.2, pymupdf==1.28.2",
pymupdf4llm,scan_rfc9110,T3,XL,scan,cpu,ok,False,194,985.193,5.078,907.4,"pymupdf4llm==1.28.2, pymupdf==1.28.2",
pymupdf4llm,scan_rfc9158,T3,S,scan,cpu,ok,False,4,17.129,4.282,435.8,"pymupdf4llm==1.28.2, pymupdf==1.28.2",
pymupdf4llm,scan_rfc9457,T3,M,scan,cpu,ok,False,16,77.464,4.841,649.2,"pymupdf4llm==1.28.2, pymupdf==1.28.2",
tesseract,acsbr_023,T2,M,real,cpu,ok,False,9,50.454,5.606,255.7,pymupdf==1.28.2; tesseract 5.5.1,
tesseract,erp2024_full,T2,XL,real,cpu,ok,False,487,1188.01,2.439,346.3,pymupdf==1.28.2; tesseract 5.5.1,
tesseract,erp2024_table1,T2,S,real,cpu,ok,False,2,5.983,2.991,162.9,pymupdf==1.28.2; tesseract 5.5.1,
tesseract,erp2024_table3,T2,S,real,cpu,ok,False,2,19.016,9.508,174.6,pymupdf==1.28.2; tesseract 5.5.1,
tesseract,gen_t2_long,T2,S,generated,cpu,ok,False,4,8.933,2.233,210.3,pymupdf==1.28.2; tesseract 5.5.1,
tesseract,gen_t2_merged,T2,S,generated,cpu,ok,False,1,2.332,2.332,204.1,pymupdf==1.28.2; tesseract 5.5.1,
tesseract,gen_t2_rotated,T2,S,generated,cpu,ok,False,1,2.259,2.259,204.1,pymupdf==1.28.2; tesseract 5.5.1,
tesseract,gen_t2_simple,T2,S,generated,cpu,ok,False,1,2.308,2.308,204.1,pymupdf==1.28.2; tesseract 5.5.1,
tesseract,gen_t4_bar,T4,S,generated,cpu,ok,False,1,2.35,2.35,204.1,pymupdf==1.28.2; tesseract 5.5.1,
tesseract,gen_t4_flow,T4,S,generated,cpu,ok,False,1,2.163,2.163,204.1,pymupdf==1.28.2; tesseract 5.5.1,
tesseract,gen_t4_line,T4,S,generated,cpu,ok,False,1,2.396,2.396,204.1,pymupdf==1.28.2; tesseract 5.5.1,
tesseract,gen_t4_mixed,T4,S,generated,cpu,ok,False,1,2.489,2.489,204.1,pymupdf==1.28.2; tesseract 5.5.1,
tesseract,nasa_se_handbook,T4,XL,real,cpu,ok,False,297,1229.435,4.14,302.1,pymupdf==1.28.2; tesseract 5.5.1,
tesseract,nasa_tm100396,T4,L,real,cpu,ok,False,46,166.016,3.609,476.4,pymupdf==1.28.2; tesseract 5.5.1,
tesseract,nasa_tm104114,T4,XL,real,cpu,ok,False,103,343.506,3.335,534.7,pymupdf==1.28.2; tesseract 5.5.1,
tesseract,nasa_tm_x9471,T4,M,real,cpu,ok,False,7,21.76,3.109,226.0,pymupdf==1.28.2; tesseract 5.5.1,
tesseract,nasa_webb_factsheet,T4,S,real,cpu,ok,False,2,12.682,6.341,254.1,pymupdf==1.28.2; tesseract 5.5.1,
tesseract,p60_282,T2,L,real,cpu,ok,False,59,460.707,7.809,284.7,pymupdf==1.28.2; tesseract 5.5.1,
tesseract,rfc9110,T1,XL,real,cpu,ok,False,194,748.321,3.857,228.4,pymupdf==1.28.2; tesseract 5.5.1,
tesseract,rfc9112,T1,L,real,cpu,ok,False,46,170.423,3.705,221.1,pymupdf==1.28.2; tesseract 5.5.1,
tesseract,rfc9158,T1,S,real,cpu,ok,False,4,12.675,3.169,214.5,pymupdf==1.28.2; tesseract 5.5.1,
tesseract,rfc9457,T1,M,real,cpu,ok,False,16,55.62,3.476,241.7,pymupdf==1.28.2; tesseract 5.5.1,
tesseract,scan_acsbr_023,T3,M,scan,cpu,ok,False,9,61.293,6.81,316.4,pymupdf==1.28.2; tesseract 5.5.1,
tesseract,scan_p60_282,T3,L,scan,cpu,ok,False,59,553.801,9.386,498.9,pymupdf==1.28.2; tesseract 5.5.1,
tesseract,scan_rfc9110,T3,XL,scan,cpu,ok,False,194,952.776,4.911,497.4,pymupdf==1.28.2; tesseract 5.5.1,
tesseract,scan_rfc9158,T3,S,scan,cpu,ok,False,4,19.656,4.914,257.8,pymupdf==1.28.2; tesseract 5.5.1,
tesseract,scan_rfc9457,T3,M,scan,cpu,ok,False,16,87.838,5.49,391.9,pymupdf==1.28.2; tesseract 5.5.1,
