extractor,doc_id,tier,bucket,source,machine,status,sampled,pages,seconds,seconds_per_page,peak_rss_mb,version,error
docling,acsbr_023,T2,M,real,cpu,ok,False,9,597.95,66.439,2881.0,docling==2.130.0,
docling,erp2024_full,T2,XL,real,cpu,oom,False,0,36.3,,4240.7,,killed: exceeded 4.0 GB memory cap
docling,erp2024_table1,T2,S,real,cpu,ok,False,2,500.027,250.013,2394.8,docling==2.130.0,
docling,erp2024_table3,T2,S,real,cpu,ok,False,2,718.873,359.437,2826.1,docling==2.130.0,
docling,gen_t2_long,T2,S,generated,cpu,ok,False,4,216.834,54.209,1968.0,docling==2.130.0,
docling,gen_t2_merged,T2,S,generated,cpu,ok,False,1,53.236,53.236,1443.7,docling==2.130.0,
docling,gen_t2_rotated,T2,S,generated,cpu,ok,False,1,47.117,47.117,1427.4,docling==2.130.0,
docling,gen_t2_simple,T2,S,generated,cpu,ok,False,1,45.936,45.936,1504.7,docling==2.130.0,
docling,gen_t4_bar,T4,S,generated,cpu,ok,False,1,38.217,38.217,1350.7,docling==2.130.0,
docling,gen_t4_flow,T4,S,generated,cpu,ok,False,1,40.602,40.602,1798.3,docling==2.130.0,
docling,gen_t4_line,T4,S,generated,cpu,ok,False,1,28.783,28.783,1417.7,docling==2.130.0,
docling,gen_t4_mixed,T4,S,generated,cpu,ok,False,1,45.471,45.471,1505.3,docling==2.130.0,
docling,nasa_se_handbook,T4,XL,real,cpu,oom,False,0,27.1,,4107.4,,killed: exceeded 4.0 GB memory cap
docling,nasa_tm100396,T4,L,real,cpu,timeout,False,0,1800.4,,3511.0,,killed: exceeded 30.0 min timeout
docling,nasa_tm104114,T4,XL,real,cpu,oom,False,0,51.4,,4201.3,,killed: exceeded 4.0 GB memory cap
docling,nasa_tm_x9471,T4,M,real,cpu,ok,False,7,486.213,69.459,2455.2,docling==2.130.0,
docling,nasa_webb_factsheet,T4,S,real,cpu,ok,False,2,161.562,80.781,1893.7,docling==2.130.0,
docling,p60_282,T2,L,real,cpu,timeout,False,0,1800.5,,4015.0,,killed: exceeded 30.0 min timeout
docling,rfc9110,T1,XL,real,cpu,oom,False,0,47.1,,4138.5,,killed: exceeded 4.0 GB memory cap
docling,rfc9112,T1,L,real,cpu,ok,False,46,1754.877,38.149,3107.6,docling==2.130.0,
docling,rfc9158,T1,S,real,cpu,ok,False,4,190.08,47.52,2534.2,docling==2.130.0,
docling,rfc9457,T1,M,real,cpu,ok,False,16,580.494,36.281,2921.2,docling==2.130.0,
docling,scan_acsbr_023,T3,M,scan,cpu,ok,False,9,997.847,110.872,2810.9,docling==2.130.0,
docling,scan_p60_282,T3,L,scan,cpu,timeout,False,0,1800.6,,3377.6,,killed: exceeded 30.0 min timeout
docling,scan_rfc9110,T3,XL,scan,cpu,oom,False,0,99.9,,4180.6,,killed: exceeded 4.0 GB memory cap
docling,scan_rfc9158,T3,S,scan,cpu,ok,False,4,355.394,88.849,2592.1,docling==2.130.0,
docling,scan_rfc9457,T3,M,scan,cpu,ok,False,16,1523.422,95.214,2823.0,docling==2.130.0,
easyocr,acsbr_023,T2,M,real,cpu,ok,False,9,842.951,93.661,3529.2,easyocr==1.7.2,
easyocr,erp2024_full,T2,XL,real,cpu,timeout,False,0,1800.2,,2293.5,,killed: exceeded 30.0 min timeout
easyocr,erp2024_table1,T2,S,real,cpu,ok,False,2,124.609,62.304,2255.3,easyocr==1.7.2,
easyocr,erp2024_table3,T2,S,real,cpu,ok,False,2,91.848,45.924,2236.6,easyocr==1.7.2,
easyocr,gen_t2_long,T2,S,generated,cpu,ok,False,4,293.05,73.263,3584.7,easyocr==1.7.2,
easyocr,gen_t2_merged,T2,S,generated,cpu,ok,False,1,36.232,36.232,3515.1,easyocr==1.7.2,
easyocr,gen_t2_rotated,T2,S,generated,cpu,ok,False,1,54.336,54.336,3515.3,easyocr==1.7.2,
easyocr,gen_t2_simple,T2,S,generated,cpu,ok,False,1,124.478,124.478,3515.1,easyocr==1.7.2,
easyocr,gen_t4_bar,T4,S,generated,cpu,ok,False,1,43.173,43.173,3518.2,easyocr==1.7.2,
easyocr,gen_t4_flow,T4,S,generated,cpu,ok,False,1,70.873,70.873,3519.2,easyocr==1.7.2,
easyocr,gen_t4_line,T4,S,generated,cpu,ok,False,1,27.888,27.888,3518.6,easyocr==1.7.2,
easyocr,gen_t4_mixed,T4,S,generated,cpu,ok,False,1,85.649,85.649,3517.9,easyocr==1.7.2,
easyocr,nasa_se_handbook,T4,XL,real,cpu,timeout,False,0,1800.1,,3189.1,,killed: exceeded 30.0 min timeout
easyocr,nasa_tm100396,T4,L,real,cpu,ok,False,46,1791.133,38.938,3728.6,easyocr==1.7.2,
easyocr,nasa_tm104114,T4,XL,real,cpu,timeout,False,0,1800.4,,3730.7,,killed: exceeded 30.0 min timeout
easyocr,nasa_tm_x9471,T4,M,real,cpu,ok,False,7,225.011,32.144,3473.5,easyocr==1.7.2,
easyocr,nasa_webb_factsheet,T4,S,real,cpu,ok,False,2,98.922,49.461,3542.4,easyocr==1.7.2,
easyocr,p60_282,T2,L,real,cpu,timeout,False,0,1800.2,,3518.8,,killed: exceeded 30.0 min timeout
easyocr,rfc9110,T1,XL,real,cpu,timeout,False,0,1800.1,,3595.9,,killed: exceeded 30.0 min timeout
easyocr,rfc9112,T1,L,real,cpu,ok,False,46,1218.53,26.49,3592.4,easyocr==1.7.2,
easyocr,rfc9158,T1,S,real,cpu,ok,False,4,83.779,20.945,3575.5,easyocr==1.7.2,
easyocr,rfc9457,T1,M,real,cpu,ok,False,16,337.672,21.105,3610.1,easyocr==1.7.2,
easyocr,scan_acsbr_023,T3,M,scan,cpu,ok,False,9,482.144,53.572,3597.0,easyocr==1.7.2,
easyocr,scan_p60_282,T3,L,scan,cpu,timeout,False,0,1800.2,,3752.3,,killed: exceeded 30.0 min timeout
easyocr,scan_rfc9110,T3,XL,scan,cpu,timeout,False,0,1800.2,,3845.8,,killed: exceeded 30.0 min timeout
easyocr,scan_rfc9158,T3,S,scan,cpu,ok,False,4,121.056,30.264,3604.0,easyocr==1.7.2,
easyocr,scan_rfc9457,T3,M,scan,cpu,ok,False,16,720.369,45.023,3747.6,easyocr==1.7.2,
marker_noocr,acsbr_023,T2,M,real,cpu,ok,False,9,22.92,2.547,743.2,marker-pdf==2.0.0,
marker_noocr,erp2024_full,T2,XL,real,cpu,oom,False,0,532.6,,4100.8,,killed: exceeded 4.0 GB memory cap
marker_noocr,erp2024_table1,T2,S,real,cpu,ok,False,2,18.054,9.027,572.9,marker-pdf==2.0.0,
marker_noocr,erp2024_table3,T2,S,real,cpu,ok,False,2,15.728,7.864,573.4,marker-pdf==2.0.0,
marker_noocr,gen_t2_long,T2,S,generated,cpu,ok,False,4,19.765,4.941,623.3,marker-pdf==2.0.0,
marker_noocr,gen_t2_merged,T2,S,generated,cpu,ok,False,1,15.53,15.53,553.3,marker-pdf==2.0.0,
marker_noocr,gen_t2_rotated,T2,S,generated,cpu,ok,False,1,13.582,13.582,553.3,marker-pdf==2.0.0,
marker_noocr,gen_t2_simple,T2,S,generated,cpu,ok,False,1,16.88,16.88,553.0,marker-pdf==2.0.0,
marker_noocr,gen_t4_bar,T4,S,generated,cpu,ok,False,1,14.847,14.847,557.9,marker-pdf==2.0.0,
marker_noocr,gen_t4_flow,T4,S,generated,cpu,ok,False,1,14.982,14.982,553.9,marker-pdf==2.0.0,
marker_noocr,gen_t4_line,T4,S,generated,cpu,ok,False,1,13.164,13.164,558.2,marker-pdf==2.0.0,
marker_noocr,gen_t4_mixed,T4,S,generated,cpu,ok,False,1,11.616,11.616,555.9,marker-pdf==2.0.0,
marker_noocr,nasa_se_handbook,T4,XL,real,cpu,ok,False,297,326.637,1.1,3457.9,marker-pdf==2.0.0,
marker_noocr,nasa_tm100396,T4,L,real,cpu,ok,False,46,77.42,1.683,2220.0,marker-pdf==2.0.0,
marker_noocr,nasa_tm104114,T4,XL,real,cpu,ok,False,103,130.184,1.264,2259.0,marker-pdf==2.0.0,
marker_noocr,nasa_tm_x9471,T4,M,real,cpu,ok,False,7,17.606,2.515,672.7,marker-pdf==2.0.0,
marker_noocr,nasa_webb_factsheet,T4,S,real,cpu,ok,False,2,20.061,10.03,626.6,marker-pdf==2.0.0,
marker_noocr,p60_282,T2,L,real,cpu,ok,False,59,100.634,1.706,2403.9,marker-pdf==2.0.0,
marker_noocr,rfc9110,T1,XL,real,cpu,ok,False,194,220.004,1.134,2539.0,marker-pdf==2.0.0,
marker_noocr,rfc9112,T1,L,real,cpu,ok,False,46,62.924,1.368,2196.2,marker-pdf==2.0.0,
marker_noocr,rfc9158,T1,S,real,cpu,ok,False,4,21.504,5.376,567.4,marker-pdf==2.0.0,
marker_noocr,rfc9457,T1,M,real,cpu,ok,False,16,32.256,2.016,638.9,marker-pdf==2.0.0,
marker_noocr,scan_acsbr_023,T3,M,scan,cpu,ok,False,9,25.906,2.878,705.2,marker-pdf==2.0.0,
marker_noocr,scan_p60_282,T3,L,scan,cpu,ok,False,59,77.661,1.316,1629.2,marker-pdf==2.0.0,
marker_noocr,scan_rfc9110,T3,XL,scan,cpu,ok,False,194,269.676,1.39,1998.9,marker-pdf==2.0.0,
marker_noocr,scan_rfc9158,T3,S,scan,cpu,ok,False,4,17.048,4.262,603.2,marker-pdf==2.0.0,
marker_noocr,scan_rfc9457,T3,M,scan,cpu,ok,False,16,38.234,2.39,689.5,marker-pdf==2.0.0,
mineru,acsbr_023,T2,M,real,cpu,ok,False,9,414.458,46.051,2627.6,mineru==3.4.5,
mineru,erp2024_full,T2,XL,real,cpu,oom,False,0,130.7,,4145.5,,killed: exceeded 4.0 GB memory cap
mineru,erp2024_table1,T2,S,real,cpu,ok,False,2,298.842,149.421,2248.7,mineru==3.4.5,
mineru,erp2024_table3,T2,S,real,cpu,ok,False,2,214.605,107.302,2099.2,mineru==3.4.5,
mineru,gen_t2_long,T2,S,generated,cpu,ok,False,4,54.335,13.584,2153.1,mineru==3.4.5,
mineru,gen_t2_merged,T2,S,generated,cpu,ok,False,1,27.856,27.856,1989.3,mineru==3.4.5,
mineru,gen_t2_rotated,T2,S,generated,cpu,ok,False,1,29.826,29.826,2075.4,mineru==3.4.5,
mineru,gen_t2_simple,T2,S,generated,cpu,ok,False,1,24.282,24.282,2067.9,mineru==3.4.5,
mineru,gen_t4_bar,T4,S,generated,cpu,ok,False,1,21.918,21.918,1965.9,mineru==3.4.5,
mineru,gen_t4_flow,T4,S,generated,cpu,ok,False,1,19.579,19.579,2019.5,mineru==3.4.5,
mineru,gen_t4_line,T4,S,generated,cpu,ok,False,1,21.959,21.959,2032.8,mineru==3.4.5,
mineru,gen_t4_mixed,T4,S,generated,cpu,ok,False,1,22.91,22.91,1989.2,mineru==3.4.5,
mineru,nasa_se_handbook,T4,XL,real,cpu,oom,False,0,18.7,,4127.2,,killed: exceeded 4.0 GB memory cap
mineru,nasa_tm100396,T4,L,real,cpu,oom,False,0,111.2,,4290.4,,killed: exceeded 4.0 GB memory cap
mineru,nasa_tm104114,T4,XL,real,cpu,oom,False,0,18.1,,4125.6,,killed: exceeded 4.0 GB memory cap
mineru,nasa_tm_x9471,T4,M,real,cpu,ok,False,7,61.174,8.739,2413.5,mineru==3.4.5,
mineru,nasa_webb_factsheet,T4,S,real,cpu,ok,False,2,45.912,22.956,2226.3,mineru==3.4.5,
mineru,p60_282,T2,L,real,cpu,oom,False,0,244.5,,4120.5,,killed: exceeded 4.0 GB memory cap
mineru,rfc9110,T1,XL,real,cpu,oom,False,0,39.9,,4121.5,,killed: exceeded 4.0 GB memory cap
mineru,rfc9112,T1,L,real,cpu,oom,False,0,395.1,,4117.3,,killed: exceeded 4.0 GB memory cap
mineru,rfc9158,T1,S,real,cpu,ok,False,4,137.337,34.334,2300.4,mineru==3.4.5,
mineru,rfc9457,T1,M,real,cpu,ok,False,16,414.12,25.883,3141.2,mineru==3.4.5,
mineru,scan_acsbr_023,T3,M,scan,cpu,ok,False,9,157.102,17.456,2952.3,mineru==3.4.5,
mineru,scan_p60_282,T3,L,scan,cpu,oom,False,0,126.9,,4218.2,,killed: exceeded 4.0 GB memory cap
mineru,scan_rfc9110,T3,XL,scan,cpu,oom,False,0,15.4,,4253.9,,killed: exceeded 4.0 GB memory cap
mineru,scan_rfc9158,T3,S,scan,cpu,ok,False,4,60.846,15.211,2420.4,mineru==3.4.5,
mineru,scan_rfc9457,T3,M,scan,cpu,ok,False,16,195.055,12.191,3380.9,mineru==3.4.5,
pdfplumber,acsbr_023,T2,M,real,cpu,ok,False,9,1.175,0.131,117.9,pdfplumber==0.11.10,
pdfplumber,erp2024_full,T2,XL,real,cpu,ok,False,487,58.503,0.12,117.9,pdfplumber==0.11.10,
pdfplumber,erp2024_table1,T2,S,real,cpu,ok,False,2,0.772,0.386,117.9,pdfplumber==0.11.10,
pdfplumber,erp2024_table3,T2,S,real,cpu,ok,False,2,0.863,0.431,117.9,pdfplumber==0.11.10,
pdfplumber,gen_t2_long,T2,S,generated,cpu,ok,False,4,0.165,0.041,204.9,pdfplumber==0.11.10,
pdfplumber,gen_t2_merged,T2,S,generated,cpu,ok,False,1,0.082,0.082,204.9,pdfplumber==0.11.10,
pdfplumber,gen_t2_rotated,T2,S,generated,cpu,ok,False,1,0.074,0.074,204.9,pdfplumber==0.11.10,
pdfplumber,gen_t2_simple,T2,S,generated,cpu,ok,False,1,0.082,0.082,204.9,pdfplumber==0.11.10,
pdfplumber,gen_t4_bar,T4,S,generated,cpu,ok,False,1,0.067,0.067,204.9,pdfplumber==0.11.10,
pdfplumber,gen_t4_flow,T4,S,generated,cpu,ok,False,1,0.068,0.068,204.9,pdfplumber==0.11.10,
pdfplumber,gen_t4_line,T4,S,generated,cpu,ok,False,1,0.069,0.069,204.9,pdfplumber==0.11.10,
pdfplumber,gen_t4_mixed,T4,S,generated,cpu,ok,False,1,0.075,0.075,204.9,pdfplumber==0.11.10,
pdfplumber,nasa_se_handbook,T4,XL,real,cpu,ok,False,297,28.697,0.097,124.9,pdfplumber==0.11.10,
pdfplumber,nasa_tm100396,T4,L,real,cpu,ok,False,46,2.685,0.058,117.9,pdfplumber==0.11.10,
pdfplumber,nasa_tm104114,T4,XL,real,cpu,ok,False,103,4.67,0.045,124.9,pdfplumber==0.11.10,
pdfplumber,nasa_tm_x9471,T4,M,real,cpu,ok,False,7,0.699,0.1,117.9,pdfplumber==0.11.10,
pdfplumber,nasa_webb_factsheet,T4,S,real,cpu,ok,False,2,0.27,0.135,117.9,pdfplumber==0.11.10,
pdfplumber,p60_282,T2,L,real,cpu,ok,False,59,9.575,0.162,117.9,pdfplumber==0.11.10,
pdfplumber,rfc9110,T1,XL,real,cpu,ok,False,194,13.804,0.071,117.9,pdfplumber==0.11.10,
pdfplumber,rfc9112,T1,L,real,cpu,ok,False,46,3.022,0.066,117.9,pdfplumber==0.11.10,
pdfplumber,rfc9158,T1,S,real,cpu,ok,False,4,0.301,0.075,117.9,pdfplumber==0.11.10,
pdfplumber,rfc9457,T1,M,real,cpu,ok,False,16,0.875,0.055,117.9,pdfplumber==0.11.10,
pdfplumber,scan_acsbr_023,T3,M,scan,cpu,ok,False,9,0.064,0.007,124.9,pdfplumber==0.11.10,
pdfplumber,scan_p60_282,T3,L,scan,cpu,ok,False,59,0.101,0.002,147.7,pdfplumber==0.11.10,
pdfplumber,scan_rfc9110,T3,XL,scan,cpu,ok,False,194,0.208,0.001,204.9,pdfplumber==0.11.10,
pdfplumber,scan_rfc9158,T3,S,scan,cpu,ok,False,4,0.058,0.015,124.9,pdfplumber==0.11.10,
pdfplumber,scan_rfc9457,T3,M,scan,cpu,ok,False,16,0.063,0.004,124.9,pdfplumber==0.11.10,
pymupdf,acsbr_023,T2,M,real,cpu,ok,False,9,0.141,0.016,117.7,pymupdf==1.28.2,
pymupdf,erp2024_full,T2,XL,real,cpu,ok,False,487,1.678,0.003,127.1,pymupdf==1.28.2,
pymupdf,erp2024_table1,T2,S,real,cpu,ok,False,2,0.112,0.056,117.7,pymupdf==1.28.2,
pymupdf,erp2024_table3,T2,S,real,cpu,ok,False,2,0.112,0.056,117.7,pymupdf==1.28.2,
pymupdf,gen_t2_long,T2,S,generated,cpu,ok,False,4,0.077,0.019,204.8,pymupdf==1.28.2,
pymupdf,gen_t2_merged,T2,S,generated,cpu,ok,False,1,0.089,0.089,204.8,pymupdf==1.28.2,
pymupdf,gen_t2_rotated,T2,S,generated,cpu,ok,False,1,0.072,0.072,204.8,pymupdf==1.28.2,
pymupdf,gen_t2_simple,T2,S,generated,cpu,ok,False,1,0.071,0.071,204.8,pymupdf==1.28.2,
pymupdf,gen_t4_bar,T4,S,generated,cpu,ok,False,1,0.073,0.073,204.8,pymupdf==1.28.2,
pymupdf,gen_t4_flow,T4,S,generated,cpu,ok,False,1,0.075,0.075,204.8,pymupdf==1.28.2,
pymupdf,gen_t4_line,T4,S,generated,cpu,ok,False,1,0.072,0.072,204.8,pymupdf==1.28.2,
pymupdf,gen_t4_mixed,T4,S,generated,cpu,ok,False,1,0.074,0.074,204.8,pymupdf==1.28.2,
pymupdf,nasa_se_handbook,T4,XL,real,cpu,ok,False,297,2.211,0.007,124.8,pymupdf==1.28.2,
pymupdf,nasa_tm100396,T4,L,real,cpu,ok,False,46,0.122,0.003,117.7,pymupdf==1.28.2,
pymupdf,nasa_tm104114,T4,XL,real,cpu,ok,False,103,0.197,0.002,124.8,pymupdf==1.28.2,
pymupdf,nasa_tm_x9471,T4,M,real,cpu,ok,False,7,0.102,0.015,117.7,pymupdf==1.28.2,
pymupdf,nasa_webb_factsheet,T4,S,real,cpu,ok,False,2,0.103,0.051,117.7,pymupdf==1.28.2,
pymupdf,p60_282,T2,L,real,cpu,ok,False,59,0.639,0.011,117.7,pymupdf==1.28.2,
pymupdf,rfc9110,T1,XL,real,cpu,ok,False,194,0.533,0.003,117.7,pymupdf==1.28.2,
pymupdf,rfc9112,T1,L,real,cpu,ok,False,46,0.174,0.004,117.7,pymupdf==1.28.2,
pymupdf,rfc9158,T1,S,real,cpu,ok,False,4,0.106,0.026,117.7,pymupdf==1.28.2,
pymupdf,rfc9457,T1,M,real,cpu,ok,False,16,0.097,0.006,117.7,pymupdf==1.28.2,
pymupdf,scan_acsbr_023,T3,M,scan,cpu,ok,False,9,0.077,0.009,124.8,pymupdf==1.28.2,
pymupdf,scan_p60_282,T3,L,scan,cpu,ok,False,59,0.094,0.002,147.4,pymupdf==1.28.2,
pymupdf,scan_rfc9110,T3,XL,scan,cpu,ok,False,194,0.142,0.001,204.8,pymupdf==1.28.2,
pymupdf,scan_rfc9158,T3,S,scan,cpu,ok,False,4,0.074,0.018,124.8,pymupdf==1.28.2,
pymupdf,scan_rfc9457,T3,M,scan,cpu,ok,False,16,0.074,0.005,124.8,pymupdf==1.28.2,
pymupdf4llm,acsbr_023,T2,M,real,cpu,ok,False,9,7.948,0.883,430.1,"pymupdf4llm==1.28.2, pymupdf==1.28.2",
pymupdf4llm,erp2024_full,T2,XL,real,cpu,ok,False,487,283.02,0.581,998.8,"pymupdf4llm==1.28.2, pymupdf==1.28.2",
pymupdf4llm,erp2024_table1,T2,S,real,cpu,ok,False,2,5.509,2.755,491.6,"pymupdf4llm==1.28.2, pymupdf==1.28.2",
pymupdf4llm,erp2024_table3,T2,S,real,cpu,ok,False,2,6.998,3.499,482.7,"pymupdf4llm==1.28.2, pymupdf==1.28.2",
pymupdf4llm,gen_t2_long,T2,S,generated,cpu,ok,False,4,2.066,0.516,339.7,"pymupdf4llm==1.28.2, pymupdf==1.28.2",
pymupdf4llm,gen_t2_merged,T2,S,generated,cpu,ok,False,1,0.85,0.85,255.1,"pymupdf4llm==1.28.2, pymupdf==1.28.2",
pymupdf4llm,gen_t2_rotated,T2,S,generated,cpu,ok,False,1,0.901,0.901,250.1,"pymupdf4llm==1.28.2, pymupdf==1.28.2",
pymupdf4llm,gen_t2_simple,T2,S,generated,cpu,ok,False,1,0.905,0.905,252.6,"pymupdf4llm==1.28.2, pymupdf==1.28.2",
pymupdf4llm,gen_t4_bar,T4,S,generated,cpu,ok,False,1,1.106,1.106,261.9,"pymupdf4llm==1.28.2, pymupdf==1.28.2",
pymupdf4llm,gen_t4_flow,T4,S,generated,cpu,ok,False,1,0.924,0.924,261.7,"pymupdf4llm==1.28.2, pymupdf==1.28.2",
pymupdf4llm,gen_t4_line,T4,S,generated,cpu,ok,False,1,1.131,1.131,264.0,"pymupdf4llm==1.28.2, pymupdf==1.28.2",
pymupdf4llm,gen_t4_mixed,T4,S,generated,cpu,ok,False,1,1.189,1.189,295.6,"pymupdf4llm==1.28.2, pymupdf==1.28.2",
pymupdf4llm,nasa_se_handbook,T4,XL,real,cpu,ok,False,297,107.481,0.362,501.9,"pymupdf4llm==1.28.2, pymupdf==1.28.2",
pymupdf4llm,nasa_tm100396,T4,L,real,cpu,ok,False,46,38.347,0.834,756.3,"pymupdf4llm==1.28.2, pymupdf==1.28.2",
pymupdf4llm,nasa_tm104114,T4,XL,real,cpu,ok,False,103,68.418,0.664,662.0,"pymupdf4llm==1.28.2, pymupdf==1.28.2",
pymupdf4llm,nasa_tm_x9471,T4,M,real,cpu,ok,False,7,3.709,0.53,377.8,"pymupdf4llm==1.28.2, pymupdf==1.28.2",
pymupdf4llm,nasa_webb_factsheet,T4,S,real,cpu,ok,False,2,7.412,3.706,428.3,"pymupdf4llm==1.28.2, pymupdf==1.28.2",
pymupdf4llm,p60_282,T2,L,real,cpu,ok,False,59,60.695,1.029,596.1,"pymupdf4llm==1.28.2, pymupdf==1.28.2",
pymupdf4llm,rfc9110,T1,XL,real,cpu,ok,False,194,55.972,0.289,390.8,"pymupdf4llm==1.28.2, pymupdf==1.28.2",
pymupdf4llm,rfc9112,T1,L,real,cpu,ok,False,46,14.041,0.305,349.7,"pymupdf4llm==1.28.2, pymupdf==1.28.2",
pymupdf4llm,rfc9158,T1,S,real,cpu,ok,False,4,1.897,0.474,366.3,"pymupdf4llm==1.28.2, pymupdf==1.28.2",
pymupdf4llm,rfc9457,T1,M,real,cpu,ok,False,16,5.236,0.327,349.0,"pymupdf4llm==1.28.2, pymupdf==1.28.2",
pymupdf4llm,scan_acsbr_023,T3,M,scan,cpu,ok,False,9,34.196,3.8,521.1,"pymupdf4llm==1.28.2, pymupdf==1.28.2",
pymupdf4llm,scan_p60_282,T3,L,scan,cpu,ok,False,59,303.441,5.143,812.5,"pymupdf4llm==1.28.2, pymupdf==1.28.2",
pymupdf4llm,scan_rfc9110,T3,XL,scan,cpu,ok,False,194,531.122,2.738,830.2,"pymupdf4llm==1.28.2, pymupdf==1.28.2",
pymupdf4llm,scan_rfc9158,T3,S,scan,cpu,ok,False,4,9.547,2.387,426.8,"pymupdf4llm==1.28.2, pymupdf==1.28.2",
pymupdf4llm,scan_rfc9457,T3,M,scan,cpu,ok,False,16,42.523,2.658,645.1,"pymupdf4llm==1.28.2, pymupdf==1.28.2",
tesseract,acsbr_023,T2,M,real,cpu,ok,False,9,34.269,3.808,262.6,pymupdf==1.28.2; tesseract 5.5.0,
tesseract,erp2024_full,T2,XL,real,cpu,ok,False,487,1286.446,2.642,355.0,pymupdf==1.28.2; tesseract 5.5.0,
tesseract,erp2024_table1,T2,S,real,cpu,ok,False,2,5.064,2.532,177.8,pymupdf==1.28.2; tesseract 5.5.0,
tesseract,erp2024_table3,T2,S,real,cpu,ok,False,2,12.79,6.395,181.8,pymupdf==1.28.2; tesseract 5.5.0,
tesseract,gen_t2_long,T2,S,generated,cpu,ok,False,4,4.767,1.192,216.0,pymupdf==1.28.2; tesseract 5.5.0,
tesseract,gen_t2_merged,T2,S,generated,cpu,ok,False,1,1.223,1.223,205.0,pymupdf==1.28.2; tesseract 5.5.0,
tesseract,gen_t2_rotated,T2,S,generated,cpu,ok,False,1,1.231,1.231,205.0,pymupdf==1.28.2; tesseract 5.5.0,
tesseract,gen_t2_simple,T2,S,generated,cpu,ok,False,1,1.257,1.257,205.0,pymupdf==1.28.2; tesseract 5.5.0,
tesseract,gen_t4_bar,T4,S,generated,cpu,ok,False,1,1.243,1.243,205.0,pymupdf==1.28.2; tesseract 5.5.0,
tesseract,gen_t4_flow,T4,S,generated,cpu,ok,False,1,1.138,1.138,205.0,pymupdf==1.28.2; tesseract 5.5.0,
tesseract,gen_t4_line,T4,S,generated,cpu,ok,False,1,1.32,1.32,205.0,pymupdf==1.28.2; tesseract 5.5.0,
tesseract,gen_t4_mixed,T4,S,generated,cpu,ok,False,1,1.307,1.307,205.0,pymupdf==1.28.2; tesseract 5.5.0,
tesseract,nasa_se_handbook,T4,XL,real,cpu,ok,False,297,984.812,3.316,308.5,pymupdf==1.28.2; tesseract 5.5.0,
tesseract,nasa_tm100396,T4,L,real,cpu,ok,False,46,108.286,2.354,482.0,pymupdf==1.28.2; tesseract 5.5.0,
tesseract,nasa_tm104114,T4,XL,real,cpu,ok,False,103,216.065,2.098,533.0,pymupdf==1.28.2; tesseract 5.5.0,
tesseract,nasa_tm_x9471,T4,M,real,cpu,ok,False,7,13.952,1.993,249.0,pymupdf==1.28.2; tesseract 5.5.0,
tesseract,nasa_webb_factsheet,T4,S,real,cpu,ok,False,2,8.135,4.067,261.4,pymupdf==1.28.2; tesseract 5.5.0,
tesseract,p60_282,T2,L,real,cpu,ok,False,59,305.647,5.18,292.0,pymupdf==1.28.2; tesseract 5.5.0,
tesseract,rfc9110,T1,XL,real,cpu,ok,False,194,510.503,2.631,234.3,pymupdf==1.28.2; tesseract 5.5.0,
tesseract,rfc9112,T1,L,real,cpu,ok,False,46,116.688,2.537,228.5,pymupdf==1.28.2; tesseract 5.5.0,
tesseract,rfc9158,T1,S,real,cpu,ok,False,4,7.925,1.981,221.1,pymupdf==1.28.2; tesseract 5.5.0,
tesseract,rfc9457,T1,M,real,cpu,ok,False,16,38.477,2.405,249.1,pymupdf==1.28.2; tesseract 5.5.0,
tesseract,scan_acsbr_023,T3,M,scan,cpu,ok,False,9,40.887,4.543,321.2,pymupdf==1.28.2; tesseract 5.5.0,
tesseract,scan_p60_282,T3,L,scan,cpu,ok,False,59,400.746,6.792,503.3,pymupdf==1.28.2; tesseract 5.5.0,
tesseract,scan_rfc9110,T3,XL,scan,cpu,ok,False,194,713.483,3.678,501.9,pymupdf==1.28.2; tesseract 5.5.0,
tesseract,scan_rfc9158,T3,S,scan,cpu,ok,False,4,11.173,2.793,262.3,pymupdf==1.28.2; tesseract 5.5.0,
tesseract,scan_rfc9457,T3,M,scan,cpu,ok,False,16,53.876,3.367,396.5,pymupdf==1.28.2; tesseract 5.5.0,
